79652866|vanzhv|1|50|0|0|2025-12-01 13:26:59
90785234|aleksruss|0|50|0|0|2025-12-01 17:28:05
107051400|Zelim1314|0|50|0|0|2025-12-02 13:40:00
141328049|DimitarMaks|1|50|0|0|2025-12-01 14:53:53
142334435|irairasch|1|50|0|0|2025-12-02 14:11:48
152181309|Tskipu|1|50|0|0|2025-12-02 14:45:00
154720802|ndeest|0|50|0|0|2025-12-01 17:22:52
177803505|melloochek|1|50|0|0|2025-12-01 13:05:36
179919098|missolala|0|50|0|0|2025-12-02 13:43:26
221961740|tanya_krupko|0|50|0|0|2025-12-01 13:19:33
224293331|elizaavets23|1|50|0|0|2025-12-01 13:38:50
229328634|Council_Anderson|1|50|0|0|2025-12-01 14:11:00
233339076|Marina_Sanova|0|50|0|0|2025-12-02 11:52:45
254230336|yulyafeo|0|50|0|0|2025-12-01 16:03:58
256985422|duannle|0|50|0|0|2025-12-01 13:24:47
263761379|pereymid|1|50|0|0|2025-12-01 13:23:45
275128465|vse_vkratce|1|50|0|0|2025-12-01 13:27:23
296476656|\N|1|50|0|0|2025-12-01 17:52:27
306922725|\N|0|50|0|0|2025-12-01 17:30:47
318984957|fuchif|1|50|0|0|2025-12-01 14:07:14
322094632|YanaVits|0|50|0|0|2025-12-01 19:11:27
336455614|\N|0|50|0|0|2025-12-02 15:42:07
344313691|kotiyonok|1|50|0|0|2025-12-03 11:14:43
352271549|JuliaMikhailovna|0|50|0|0|2025-12-03 11:57:58
361882618|pizdatayatelka|0|50|0|0|2025-12-01 13:53:42
379849951|bezukhov_pierre|1|50|0|0|2025-12-02 13:54:38
382613673|adanilins|0|50|0|0|2025-12-02 14:32:54
389037424|\N|0|50|0|0|2025-12-01 13:17:27
403726771|damnregret|1|50|0|0|2025-12-01 15:39:45
419957325|alina_ttim|1|50|0|0|2025-12-01 13:23:48
430727058|alukianova|1|50|0|0|2025-12-01 13:47:06
431847971|GordVictoria|1|50|0|0|2025-12-04 13:21:33
474493016|\N|0|50|0|0|2025-12-01 13:33:35
484868036|milabeluga|0|50|0|0|2025-12-04 13:34:24
491980784|terecho4ek|1|50|0|0|2025-12-01 13:23:37
522435418|nadsait|1|50|0|0|2025-12-02 13:54:17
584250401|\N|0|50|0|0|2025-12-01 12:37:29
639178693|\N|0|50|0|0|2025-12-02 14:15:33
643807239|shnfedor|0|50|0|0|2025-12-02 14:59:11
672276278|olesya_valova|0|50|0|0|2025-12-01 13:25:33
684260703|\N|0|50|0|0|2025-12-02 14:10:45
724486739|golovinskaya_alena|0|50|0|0|2025-12-04 11:36:19
726255584|oavilova777|0|50|0|0|2025-12-04 13:20:48
743395427|SegodnyaS|0|50|0|0|2025-12-03 16:38:22
766772154|notlittlelady|1|50|0|0|2025-12-04 13:17:51
781115817|marik_tut|0|50|0|0|2025-12-03 16:30:00
781620941|Vikyla_Vi|0|50|0|0|2025-12-03 18:08:31
783212352|juuuu_st|1|50|0|0|2025-12-01 14:07:41
796417271|ssvetlovva|1|50|0|0|2025-12-01 13:08:47
813349185|karineshhkaa|1|50|0|0|2025-12-04 11:23:22
834710087|lyolyash|1|50|0|0|2025-12-04 13:28:04
850018367|Duodasha|0|50|0|0|2025-12-03 16:28:39
863977795|\N|1|50|0|0|2025-12-01 14:00:57
880486824|savosina_nad|0|50|0|0|2025-12-04 13:20:20
884898096|\N|1|50|0|0|2025-12-04 13:36:06
888623146|erinasv19|0|50|0|0|2025-12-01 13:15:46
913094087|mewpl1|1|50|0|0|2025-12-03 07:16:40
927846700|ViiksaRa|1|50|0|0|2025-12-04 13:22:00
938928631|Marinakoldobenkova|0|50|0|0|2025-12-01 14:09:54
945850643|temafck|1|50|0|0|2025-12-02 12:12:52
985740490|inmlnl|1|50|0|0|2025-12-01 13:07:25
1018954585|ektrn_j06|1|50|0|0|2025-12-02 10:04:28
1312100473|lisoni|1|50|0|0|2025-12-01 15:24:00
1370064802|alexandra_denisovna|0|50|0|0|2025-12-01 15:37:34
1414473191|pbartash|0|50|0|0|2025-12-01 13:14:12
1458098929|\N|0|50|0|0|2025-12-01 13:40:06
1470827965|sss805vi|1|50|0|0|2025-12-01 19:01:20
1482487061|chezkyt|1|50|0|0|2025-12-02 15:47:09
1754324795|\N|1|50|0|0|2025-12-01 14:07:25
1775371454|\N|0|50|0|0|2025-12-01 17:36:34
1784341598|KateKris78|0|50|0|0|2025-12-01 13:36:32
